fname,predicted_width
locationid_33.2101159915057_-87.567544448375_sat_zoom_21.png,41.884407
locationid_33.2069477353125_-87.5317094312904_sat_zoom_21.png,84.44164
locationid_33.2096895051566_-87.5468687783613_sat_zoom_21.png,37.080452
locationid_33.2060877252845_-87.5246774042999_sat_zoom_21.png,65.89155
locationid_33.2082276618469_-87.5385697070962_sat_zoom_21.png,71.4794
locationid_33.2090981343226_-87.570943703804_sat_zoom_21.png,35.290287
locationid_33.2060494530322_-87.5230072923923_sat_zoom_21.png,62.139553
locationid_33.20978836389_-87.5474219106089_sat_zoom_21.png,33.053104
locationid_33.2119392813607_-87.5595288279234_sat_zoom_21.png,38.96082
locationid_33.2082967231961_-87.5389378863184_sat_zoom_21.png,50.690563
locationid_33.2086479094816_-87.5723071487861_sat_zoom_21.png,52.321648
locationid_33.2078298052876_-87.5364234598202_sat_zoom_21.png,88.93883
locationid_33.2103143926448_-87.5666460780391_sat_zoom_21.png,53.746723
locationid_33.2086816959714_-87.5412785041415_sat_zoom_21.png,40.92422
locationid_33.2092263318406_-87.544288110238_sat_zoom_21.png,33.083035
locationid_33.2116136747244_-87.5620823758978_sat_zoom_21.png,62.99178
locationid_33.2066082951728_-87.5295566366719_sat_zoom_21.png,99.34517
locationid_33.2069015624135_-87.5314645878444_sat_zoom_21.png,101.01219
locationid_33.2085115539067_-87.5402943629646_sat_zoom_21.png,55.70838
locationid_33.2083896857564_-87.5395552162776_sat_zoom_21.png,47.667664
locationid_33.2113369330169_-87.5562756425053_sat_zoom_21.png,41.16599
locationid_33.2060842861031_-87.5153922199609_sat_zoom_21.png,63.61983
locationid_33.2115517462856_-87.5573784853417_sat_zoom_21.png,40.985226
locationid_33.2064868930404_-87.5282543282481_sat_zoom_21.png,90.035934
locationid_33.2061101558842_-87.5143313937072_sat_zoom_21.png,51.539436
locationid_33.2096055213574_-87.5692115510118_sat_zoom_21.png,91.14736
locationid_33.2083082909595_-87.538999239393_sat_zoom_21.png,59.23273
locationid_33.2061128374859_-87.513207715474_sat_zoom_21.png,52.419415
locationid_33.2086321306058_-87.5723676091841_sat_zoom_21.png,39.32252
locationid_33.2063327988395_-87.5263367409644_sat_zoom_21.png,80.10724
locationid_33.2105440791018_-87.5658667029586_sat_zoom_21.png,68.90689
locationid_33.2100424907925_-87.5488344600066_sat_zoom_21.png,33.38726
locationid_33.2060836304635_-87.5246155270047_sat_zoom_21.png,80.335335
locationid_33.2113122877033_-87.5561532306587_sat_zoom_21.png,45.47631
locationid_33.211020561391_-87.5543671217845_sat_zoom_21.png,37.7172
locationid_33.2102917497027_-87.5667049092547_sat_zoom_21.png,46.002884
locationid_33.2060959149265_-87.5248011588901_sat_zoom_21.png,59.11796
locationid_33.2101054000389_-87.56737231205_sat_zoom_21.png,57.54018
locationid_33.2097617283153_-87.5685981753887_sat_zoom_21.png,66.27822
locationid_33.2062236556804_-87.5249737481957_sat_zoom_21.png,66.99256
locationid_33.2120013558741_-87.5606997174885_sat_zoom_21.png,60.776363
locationid_33.2095666511538_-87.5461930813457_sat_zoom_21.png,15.59895
locationid_33.2060461785926_-87.5184508905941_sat_zoom_21.png,69.95343
locationid_33.2120003590457_-87.5598984052524_sat_zoom_21.png,34.672493
locationid_33.2060525960607_-87.5177642215092_sat_zoom_21.png,53.11166
locationid_33.2106685271306_-87.5524006419174_sat_zoom_21.png,32.911686
locationid_33.2077386420144_-87.5359335514041_sat_zoom_21.png,48.275723
locationid_33.2074765476042_-87.5345250647078_sat_zoom_21.png,45.871628
locationid_33.2069361920878_-87.5316482204289_sat_zoom_21.png,85.411285
locationid_33.2080555055307_-87.5375858113758_sat_zoom_21.png,61.59479
locationid_33.2091082083681_-87.5436119331898_sat_zoom_21.png,35.929276
locationid_33.2097453478852_-87.5471759133684_sat_zoom_21.png,35.88962
locationid_33.2118638883269_-87.5590983686356_sat_zoom_21.png,32.410515
locationid_33.2074425204651_-87.5343413195277_sat_zoom_21.png,69.80473
locationid_33.2082851554326_-87.5388765332437_sat_zoom_21.png,59.733204
locationid_33.2065226383422_-87.5286888889894_sat_zoom_21.png,81.43989
locationid_33.21041162389_-87.5509245848545_sat_zoom_21.png,59.405792
locationid_33.2061504289764_-87.5254810390552_sat_zoom_21.png,54.34531
locationid_33.2106409946888_-87.5655048705962_sat_zoom_21.png,46.780342
locationid_33.2086656618094_-87.572247183074_sat_zoom_21.png,44.61179
locationid_33.2113246103601_-87.556214436582_sat_zoom_21.png,47.04173
locationid_33.2120485984998_-87.5602065834979_sat_zoom_21.png,34.455597
locationid_33.2061771211646_-87.5238557564946_sat_zoom_21.png,58.34407
locationid_33.2060319837749_-87.5218840083411_sat_zoom_21.png,52.689693
locationid_33.2100671353667_-87.5677229255437_sat_zoom_21.png,39.472225
locationid_33.2061081993896_-87.5249867907754_sat_zoom_21.png,69.41102
locationid_33.208567700254_-87.5406014349421_sat_zoom_21.png,76.75678
locationid_33.2086068653641_-87.5724901073255_sat_zoom_21.png,41.989372
locationid_33.2075677108773_-87.5350149731239_sat_zoom_21.png,50.94593
locationid_33.2098593961426_-87.5478531350854_sat_zoom_21.png,34.206562
locationid_33.2093944301564_-87.545209275586_sat_zoom_21.png,22.595726
locationid_33.2084077388753_-87.5396787724857_sat_zoom_21.png,36.460945
locationid_33.2116818884675_-87.5618421362426_sat_zoom_21.png,67.85276
locationid_33.206924648863_-87.5315870095674_sat_zoom_21.png,93.65216
locationid_33.2060549296854_-87.5175145236602_sat_zoom_21.png,39.773956
locationid_33.207943759379_-87.5370358453403_sat_zoom_21.png,77.324814
locationid_33.2081974233183_-87.5383848618971_sat_zoom_21.png,78.74984
locationid_33.2061167085217_-87.5127707727151_sat_zoom_21.png,40.31818
locationid_33.2093728979942_-87.5450862800817_sat_zoom_21.png,24.73927
locationid_33.2090291870857_-87.5431821230241_sat_zoom_21.png,39.494766
locationid_33.2117148070232_-87.5583006441462_sat_zoom_21.png,35.664345
locationid_33.2060329338541_-87.5194495991368_sat_zoom_21.png,61.868168
locationid_33.2061127012461_-87.5235584024921_sat_zoom_21.png,62.93211
locationid_33.2070285105249_-87.532137912477_sat_zoom_21.png,78.63284
locationid_33.2060334220939_-87.5217591622493_sat_zoom_21.png,49.177258
locationid_33.2060591841785_-87.5240580272038_sat_zoom_21.png,51.492428
locationid_33.2098225058904_-87.5683402833387_sat_zoom_21.png,67.50748
locationid_33.2060862323713_-87.5152673807546_sat_zoom_21.png,60.3463
locationid_33.2060715135598_-87.5162036728544_sat_zoom_21.png,50.81191
locationid_33.2109654418257_-87.5540598579852_sat_zoom_21.png,33.197083
locationid_33.2100081207144_-87.548650510028_sat_zoom_21.png,33.568317
locationid_33.2112907182781_-87.5632238128438_sat_zoom_21.png,88.29656
locationid_33.2097263680905_-87.5687929034008_sat_zoom_21.png,65.89321
locationid_33.206374413792_-87.5267698983397_sat_zoom_21.png,98.76562
locationid_33.2101380338151_-87.5672505323486_sat_zoom_21.png,54.18178
locationid_33.2114360775063_-87.5567651725815_sat_zoom_21.png,38.192326
locationid_33.2060320471667_-87.5200738098618_sat_zoom_21.png,66.48584
locationid_33.2066910859779_-87.5301739626332_sat_zoom_21.png,85.07165
locationid_33.2061925854465_-87.524228422712_sat_zoom_21.png,60.186424
locationid_33.2119491563544_-87.5595904760979_sat_zoom_21.png,50.89009
locationid_33.2066236759261_-87.5296802631045_sat_zoom_21.png,106.96272
locationid_33.210635655705_-87.5522162467287_sat_zoom_21.png,38.610233
locationid_33.2115062136856_-87.5571329402239_sat_zoom_21.png,32.292873
locationid_33.2109207954642_-87.5644814187165_sat_zoom_21.png,46.196175
locationid_33.2089895677302_-87.5715517205034_sat_zoom_21.png,41.048515
locationid_33.2103891066849_-87.550801763736_sat_zoom_21.png,58.582607
locationid_33.2064364534011_-87.5277585792446_sat_zoom_21.png,29.857796
locationid_33.2061716614214_-87.5237315473365_sat_zoom_21.png,63.563675
locationid_33.2101575892719_-87.5495115177512_sat_zoom_21.png,30.761837
locationid_33.2083381310284_-87.5734536662407_sat_zoom_21.png,43.988495
locationid_33.2066467470562_-87.5298657027534_sat_zoom_21.png,72.402855
locationid_33.2107129799593_-87.5526463897761_sat_zoom_21.png,31.310053
locationid_33.2060305610623_-87.5223834035929_sat_zoom_21.png,39.073345
locationid_33.2077728282419_-87.5361172670601_sat_zoom_21.png,63.159214
locationid_33.2097091042715_-87.5688527102023_sat_zoom_21.png,70.16523
locationid_33.206291183887_-87.5259035835891_sat_zoom_21.png,68.22956
locationid_33.2061136429906_-87.5133949953069_sat_zoom_21.png,59.363697
locationid_33.206215526693_-87.5247874318035_sat_zoom_21.png,60.71894
locationid_33.2061129678912_-87.5137071281566_sat_zoom_21.png,65.56964
locationid_33.2061653531073_-87.5256041631356_sat_zoom_21.png,65.71308
locationid_33.2087721757765_-87.5718873888014_sat_zoom_21.png,50.902042
locationid_33.2095709937194_-87.5693311646149_sat_zoom_21.png,81.4761
locationid_33.2079682979321_-87.537157966227_sat_zoom_21.png,68.05142
locationid_33.2106794842724_-87.5524621069803_sat_zoom_21.png,32.1265
locationid_33.2061210863813_-87.5251723746407_sat_zoom_21.png,61.341095
locationid_33.2065481707007_-87.5289992895189_sat_zoom_21.png,82.51408
locationid_33.2060619305597_-87.5167654301131_sat_zoom_21.png,61.86008
locationid_33.2104679169026_-87.5512316376507_sat_zoom_21.png,38.53579
locationid_33.2102505352962_-87.5668238588151_sat_zoom_21.png,44.39259
locationid_33.2060694670417_-87.5163285104576_sat_zoom_21.png,54.52674
locationid_33.2097986514835_-87.5474834912742_sat_zoom_21.png,33.456917
locationid_33.2087403027833_-87.5415851010688_sat_zoom_21.png,41.27992
locationid_33.2118977486289_-87.5592825848027_sat_zoom_21.png,32.313316
locationid_33.2073954636908_-87.5340966702301_sat_zoom_21.png,83.04566
locationid_33.2086095083962_-87.5408475587737_sat_zoom_21.png,79.143906
locationid_33.2060508458421_-87.517951494896_sat_zoom_21.png,55.992393
locationid_33.2060489328947_-87.5238722719724_sat_zoom_21.png,69.416794
locationid_33.2100161400415_-87.5676745954532_sat_zoom_21.png,53.01976
locationid_33.2087392644458_-87.5723906002727_sat_zoom_21.png,44.443798
locationid_33.206056679904_-87.5173272502734_sat_zoom_21.png,59.77578
locationid_33.2100215318966_-87.5487113633927_sat_zoom_21.png,33.14957
locationid_33.207704455787_-87.535749835748_sat_zoom_21.png,49.04768
locationid_33.2109208429699_-87.5538141363343_sat_zoom_21.png,35.327885
locationid_33.2063656117558_-87.5272025774987_sat_zoom_21.png,61.38408
locationid_33.2087277570229_-87.5415239404867_sat_zoom_21.png,55.507954
locationid_33.2073288823521_-87.5337924285672_sat_zoom_21.png,107.86926
locationid_33.2078070144693_-87.5363009827162_sat_zoom_21.png,86.3387
locationid_33.2060613471535_-87.5168278545754_sat_zoom_21.png,56.900417
locationid_33.2100182792278_-87.5679014027126_sat_zoom_21.png,40.86907
locationid_33.2118751750942_-87.5591597740246_sat_zoom_21.png,33.09484
locationid_33.21164833558_-87.5579320134797_sat_zoom_21.png,39.00832
locationid_33.2097730678339_-87.5685323756194_sat_zoom_21.png,68.49279
locationid_33.2092708588986_-87.5445338269417_sat_zoom_21.png,24.669016
locationid_33.2089199332387_-87.5717919860772_sat_zoom_21.png,58.962196
locationid_33.2098828263045_-87.5683757667442_sat_zoom_21.png,50.25978
locationid_33.2102788453021_-87.566949524479_sat_zoom_21.png,41.553852
locationid_33.206026908145_-87.5210725060135_sat_zoom_21.png,72.15589
locationid_33.2090751742465_-87.5434275670784_sat_zoom_21.png,35.93965
locationid_33.2114772472381_-87.5625628552081_sat_zoom_21.png,61.47895
locationid_33.2060321321722_-87.5195120153788_sat_zoom_21.png,56.575527
locationid_33.2071823526343_-87.5329962220032_sat_zoom_21.png,76.111824
locationid_33.2085494370873_-87.5731166421433_sat_zoom_21.png,61.357914
locationid_33.2073683930987_-87.5339750674117_sat_zoom_21.png,91.2479
locationid_33.2060723221455_-87.524305718005_sat_zoom_21.png,69.46524
locationid_33.2063149638599_-87.5261511020892_sat_zoom_21.png,46.298634
locationid_33.2067134085067_-87.530296525952_sat_zoom_21.png,72.23275
locationid_33.2063102541004_-87.5267732700272_sat_zoom_21.png,103.689316
locationid_33.20987825317_-87.5681596748395_sat_zoom_21.png,38.08724
locationid_33.2066159855495_-87.5296184498882_sat_zoom_21.png,111.72979
locationid_33.2064171598105_-87.5275727085967_sat_zoom_21.png,33.59773
locationid_33.2082388843787_-87.5386311209453_sat_zoom_21.png,63.742123
locationid_33.2102299891632_-87.5671280016478_sat_zoom_21.png,46.020283
locationid_33.2119090353963_-87.5593439901917_sat_zoom_21.png,37.512554
locationid_33.2083276992313_-87.5736406772884_sat_zoom_21.png,40.08212
locationid_33.2110520701205_-87.5640646701975_sat_zoom_21.png,48.88426
locationid_33.208577437632_-87.5406631050028_sat_zoom_21.png,69.64827
locationid_33.2060666546254_-87.5233814600947_sat_zoom_21.png,66.38693
locationid_33.2060276036694_-87.5211349293272_sat_zoom_21.png,63.13545
locationid_33.2060401280145_-87.5189502455354_sat_zoom_21.png,54.00389
locationid_33.2107732174019_-87.5530161038957_sat_zoom_21.png,38.784397
locationid_33.2102903842079_-87.5502486039097_sat_zoom_21.png,52.285545
locationid_33.2097230107937_-87.5470530593656_sat_zoom_21.png,33.09956
locationid_33.2090760447742_-87.571001901268_sat_zoom_21.png,33.568317
locationid_33.2089721591073_-87.5716117868969_sat_zoom_21.png,48.266464
locationid_33.2116477815959_-87.5619622560702_sat_zoom_21.png,73.236275
locationid_33.2094039441309_-87.5452709805064_sat_zoom_21.png,24.973831
locationid_33.2076474787413_-87.535443642988_sat_zoom_21.png,55.586945
locationid_33.210876115181_-87.5535684380895_sat_zoom_21.png,33.923473
locationid_33.206210107368_-87.5246632208753_sat_zoom_21.png,81.1912
locationid_33.2110869057801_-87.5639447596955_sat_zoom_21.png,74.16938
locationid_33.2089060370987_-87.5425065568419_sat_zoom_21.png,40.155136
locationid_33.2085658424053_-87.573056294009_sat_zoom_21.png,54.629288
locationid_33.2115740377558_-87.5575013476306_sat_zoom_21.png,46.67564
locationid_33.2064300222042_-87.527696622362_sat_zoom_21.png,34.15573
locationid_33.2081030056485_-87.5378309887514_sat_zoom_21.png,45.064106
locationid_33.2118413147922_-87.5589755578576_sat_zoom_21.png,36.766197
locationid_33.2095192022624_-87.5695105850196_sat_zoom_21.png,57.611046
locationid_33.2060626346375_-87.524119943773_sat_zoom_21.png,53.818424
locationid_33.211097963186_-87.5547972129468_sat_zoom_21.png,31.548088
locationid_33.2103479721807_-87.5667136521725_sat_zoom_21.png,52.354946
locationid_33.206970821762_-87.5318318530133_sat_zoom_21.png,98.00771
locationid_33.2088076804322_-87.5717674573772_sat_zoom_21.png,53.326538
locationid_33.2068795041657_-87.5313419772426_sat_zoom_21.png,105.39349
locationid_33.2084463349569_-87.5399255031689_sat_zoom_21.png,53.499657
locationid_33.2108649148423_-87.5535070168771_sat_zoom_21.png,35.909534
locationid_33.2120337102025_-87.5600827142771_sat_zoom_21.png,36.236324
locationid_33.2098320680537_-87.5685603553417_sat_zoom_21.png,65.21297
locationid_33.2071092054516_-87.5325664087936_sat_zoom_21.png,76.63351
locationid_33.2072911996092_-87.5336093981017_sat_zoom_21.png,128.40373
locationid_33.2060297503367_-87.5222585518483_sat_zoom_21.png,46.707687
locationid_33.2063551692494_-87.5270786021782_sat_zoom_21.png,89.85586
locationid_33.2095889882452_-87.5463159353485_sat_zoom_21.png,19.473085
locationid_33.2099634456656_-87.5678562154392_sat_zoom_21.png,44.533527
locationid_33.2061951155092_-87.5242905357519_sat_zoom_21.png,67.61342
locationid_33.2063652405623_-87.526831178359_sat_zoom_21.png,104.23827
locationid_33.2104286930339_-87.5662882343195_sat_zoom_21.png,35.381126
locationid_33.2077614328327_-87.5360560285081_sat_zoom_21.png,60.82946
locationid_33.2084825464361_-87.5733575762557_sat_zoom_21.png,55.884777
locationid_33.2086476354255_-87.5410943248933_sat_zoom_21.png,77.78464
locationid_33.2062317360574_-87.5261581864591_sat_zoom_21.png,37.88342
locationid_33.2061824651956_-87.5239799705525_sat_zoom_21.png,50.772293
locationid_33.2063745365359_-87.5272642245903_sat_zoom_21.png,57.804363
locationid_33.2088851159929_-87.5719121188641_sat_zoom_21.png,55.588863
locationid_33.2081772642992_-87.5382616317643_sat_zoom_21.png,79.13602
locationid_33.2085986220565_-87.5729355895312_sat_zoom_21.png,69.5892
locationid_33.2081370059977_-87.5380151617362_sat_zoom_21.png,53.798153
locationid_33.2084190056745_-87.5731518400502_sat_zoom_21.png,47.850513
locationid_33.2102430809488_-87.5500034047439_sat_zoom_21.png,51.687256
locationid_33.210960813046_-87.5643631366604_sat_zoom_21.png,53.060184
locationid_33.2102981227467_-87.5668909532967_sat_zoom_21.png,52.102142
locationid_33.2061976202088_-87.5259125261301_sat_zoom_21.png,58.056797
locationid_33.2117036222877_-87.5582392264533_sat_zoom_21.png,38.403957
locationid_33.206111280687_-87.514081687487_sat_zoom_21.png,71.91191
locationid_33.2087544234487_-87.5719473545135_sat_zoom_21.png,60.983967
locationid_33.2077956190602_-87.5362397441642_sat_zoom_21.png,73.355804
locationid_33.208362606078_-87.5393698819654_sat_zoom_21.png,45.640694
locationid_33.2090531514987_-87.5433046563374_sat_zoom_21.png,34.28164
locationid_33.2104791755051_-87.5512930482099_sat_zoom_21.png,39.194675
locationid_33.2066545171505_-87.5299275051313_sat_zoom_21.png,70.28922
locationid_33.2067593138201_-87.5306042942139_sat_zoom_21.png,111.871735
locationid_33.2104003652875_-87.5508631742953_sat_zoom_21.png,56.938858
locationid_33.2084361774261_-87.5730917055117_sat_zoom_21.png,58.38687
locationid_33.2064493157949_-87.52788249301_sat_zoom_21.png,37.312107
locationid_33.2109876189322_-87.5541827409686_sat_zoom_21.png,31.150154
locationid_33.2089812665903_-87.5429370718318_sat_zoom_21.png,57.987473
locationid_33.209633662428_-87.5465616433542_sat_zoom_21.png,30.310232
locationid_33.2083294601734_-87.573578163843_sat_zoom_21.png,44.46053
locationid_33.2085002019257_-87.5402329695981_sat_zoom_21.png,71.130325
locationid_33.2082735876691_-87.5388151801691_sat_zoom_21.png,57.749878
locationid_33.208661129785_-87.572693372083_sat_zoom_21.png,67.18628
locationid_33.2077500374236_-87.5359947899561_sat_zoom_21.png,54.85238
locationid_33.2061139114921_-87.5134574219179_sat_zoom_21.png,58.537506
locationid_33.2060725368188_-87.5161412540529_sat_zoom_21.png,60.741615
locationid_33.2062182363555_-87.5248495372676_sat_zoom_21.png,71.439896
locationid_33.2101472852719_-87.549449943076_sat_zoom_21.png,35.43549
locationid_33.2066727008893_-87.5300507504722_sat_zoom_21.png,61.276596
locationid_33.2060794204324_-87.5157043179768_sat_zoom_21.png,47.9008
locationid_33.2087777446354_-87.572271613041_sat_zoom_21.png,44.11352
locationid_33.2106466128469_-87.5522777117916_sat_zoom_21.png,33.849464
locationid_33.2067686153737_-87.5306658855826_sat_zoom_21.png,118.027145
locationid_33.2107018114136_-87.5525849627746_sat_zoom_21.png,29.839102
locationid_33.2061326014849_-87.5252958641999_sat_zoom_21.png,78.645
locationid_33.2084888499447_-87.5401715762317_sat_zoom_21.png,69.36217
locationid_33.2060802604851_-87.5245536067778_sat_zoom_21.png,89.09834
locationid_33.2095019384434_-87.5695703918212_sat_zoom_21.png,40.91145
locationid_33.2086298759208_-87.5728144808071_sat_zoom_21.png,58.244007
locationid_33.210976530379_-87.5541212994769_sat_zoom_21.png,32.54147
locationid_33.2062001756347_-87.5244147618316_sat_zoom_21.png,88.92444
locationid_33.20719225612_-87.533057719455_sat_zoom_21.png,84.08633
locationid_33.2070054514363_-87.5320154855978_sat_zoom_21.png,87.26627
locationid_33.2100320113445_-87.5487729116996_sat_zoom_21.png,31.980087
locationid_33.2062495984958_-87.5262809186967_sat_zoom_21.png,55.62157
locationid_33.2092377267381_-87.5443494956534_sat_zoom_21.png,31.96674
locationid_33.2116072791894_-87.5576856751363_sat_zoom_21.png,41.857796
locationid_33.2088258549266_-87.5420136413764_sat_zoom_21.png,43.34944
locationid_33.2060248332787_-87.5207603780819_sat_zoom_21.png,43.70869
locationid_33.2101869844794_-87.5670678627964_sat_zoom_21.png,45.21756
locationid_33.21041220931_-87.5663484530854_sat_zoom_21.png,52.41053
locationid_33.2071428064689_-87.5327502213062_sat_zoom_21.png,60.2239
locationid_33.2116989419033_-87.5617820763288_sat_zoom_21.png,54.867043
locationid_33.2060833129689_-87.5154546395641_sat_zoom_21.png,61.042637
locationid_33.2084047277338_-87.573528291034_sat_zoom_21.png,35.53441
locationid_33.2115795678528_-87.5622024957254_sat_zoom_21.png,61.174644
locationid_33.2118191768152_-87.5588526686197_sat_zoom_21.png,36.546722
locationid_33.2100948880322_-87.5491422015413_sat_zoom_21.png,30.253
locationid_33.2060578467164_-87.5172024013489_sat_zoom_21.png,55.570972
locationid_33.2086589889408_-87.5411557179761_sat_zoom_21.png,56.731766
locationid_33.2063576369491_-87.5271408430495_sat_zoom_21.png,84.204994
locationid_33.211257044731_-87.563344054866_sat_zoom_21.png,76.85027
locationid_33.211147243495_-87.5551053638117_sat_zoom_21.png,30.983595
locationid_33.2060520126545_-87.5178266459715_sat_zoom_21.png,58.638195
locationid_33.2072786386949_-87.5335483879465_sat_zoom_21.png,129.40396
locationid_33.2075905016956_-87.5351374502279_sat_zoom_21.png,48.54389
locationid_33.2060242016457_-87.5206355253028_sat_zoom_21.png,42.605843
locationid_33.2111728608634_-87.5636446599214_sat_zoom_21.png,59.686447
locationid_33.2060940975124_-87.5150178222221_sat_zoom_21.png,46.16084
locationid_33.2097780762965_-87.5473603299436_sat_zoom_21.png,38.557697
locationid_33.206053762873_-87.5176393725847_sat_zoom_21.png,40.63113
locationid_33.2060352566096_-87.5193247690502_sat_zoom_21.png,58.119358
locationid_33.2113985463007_-87.5565816721218_sat_zoom_21.png,37.4984
locationid_33.2085735514385_-87.5726106292037_sat_zoom_21.png,66.48375
locationid_33.2062128170305_-87.5247253263394_sat_zoom_21.png,64.933365
locationid_33.2109320115156_-87.5538755633358_sat_zoom_21.png,33.87829
locationid_33.2070400383716_-87.5321991262365_sat_zoom_21.png,91.06773
locationid_33.209016356046_-87.5431210217127_sat_zoom_21.png,54.299183
locationid_33.2112545533293_-87.5558467533073_sat_zoom_21.png,44.449753
locationid_33.2087236375136_-87.5724511546347_sat_zoom_21.png,48.78667
locationid_33.2102691067606_-87.5667637404703_sat_zoom_21.png,52.75968
locationid_33.2086923836493_-87.5725722633588_sat_zoom_21.png,54.389076
locationid_33.2060784472983_-87.51576673758_sat_zoom_21.png,53.195942
locationid_33.2089289210727_-87.5713468975098_sat_zoom_21.png,35.3761
locationid_33.2065175318706_-87.5286268088835_sat_zoom_21.png,79.33472
locationid_33.2104566583001_-87.5511702270915_sat_zoom_21.png,49.994972
locationid_33.2062739018647_-87.5264653452065_sat_zoom_21.png,82.38394
locationid_33.2098691885161_-87.5479147964374_sat_zoom_21.png,33.142906
locationid_33.2086455028529_-87.572753926445_sat_zoom_21.png,67.09263
locationid_33.2092852856906_-87.544594571329_sat_zoom_21.png,24.523605
locationid_33.2105169090286_-87.5515398288138_sat_zoom_21.png,36.85049
locationid_33.2061054392473_-87.5147059004768_sat_zoom_21.png,30.696186
locationid_33.2112680031217_-87.5559076484247_sat_zoom_21.png,49.88248
locationid_33.2080911306191_-87.5377696944075_sat_zoom_21.png,47.484455
locationid_33.2068246794721_-87.5310353917847_sat_zoom_21.png,93.65044
locationid_33.206197645572_-87.5243526487917_sat_zoom_21.png,81.39258
locationid_33.2091679112312_-87.5439817407565_sat_zoom_21.png,53.682777
locationid_33.2060414404456_-87.5188878321444_sat_zoom_21.png,52.386597
locationid_33.2060296902425_-87.5213221992684_sat_zoom_21.png,51.022438
locationid_33.2060309664251_-87.5224458294652_sat_zoom_21.png,43.343616
locationid_33.2081671863578_-87.5382000164416_sat_zoom_21.png,73.79618
locationid_33.2082620199056_-87.5387538270945_sat_zoom_21.png,63.75254
locationid_33.2087904858251_-87.5418297433975_sat_zoom_21.png,38.548035
locationid_33.2060340952525_-87.5198241451476_sat_zoom_21.png,63.71476
locationid_33.2060313717879_-87.5225082553375_sat_zoom_21.png,51.160038
locationid_33.2102067363719_-87.5498196641852_sat_zoom_21.png,35.88852
locationid_33.2092517511281_-87.5704051583163_sat_zoom_21.png,51.507385
locationid_33.2084265426524_-87.5398022136058_sat_zoom_21.png,41.030773
locationid_33.2108466312529_-87.5647198061854_sat_zoom_21.png,50.5949
locationid_33.2112078866695_-87.5555380921331_sat_zoom_21.png,38.03154
locationid_33.2116278073847_-87.557808844308_sat_zoom_21.png,44.3143
locationid_33.2071526659719_-87.5328117258248_sat_zoom_21.png,72.573685
locationid_33.2060262126206_-87.5210100826998_sat_zoom_21.png,71.85083
locationid_33.2060317768157_-87.5215094692096_sat_zoom_21.png,49.623764
locationid_33.2060543462792_-87.5175769481225_sat_zoom_21.png,41.862648
locationid_33.2092491216355_-87.5444108810689_sat_zoom_21.png,30.108805
locationid_33.2060660850965_-87.5241818603422_sat_zoom_21.png,55.486443
locationid_33.2072120630915_-87.5331807143585_sat_zoom_21.png,89.98427
locationid_33.2061124054898_-87.5138319812667_sat_zoom_21.png,71.57203
locationid_33.2093432014969_-87.5701076573293_sat_zoom_21.png,40.984226
locationid_33.2100844085843_-87.5490806532344_sat_zoom_21.png,28.058237
locationid_33.2088845429582_-87.5423835525591_sat_zoom_21.png,45.48219
locationid_33.2083312211156_-87.5735156503976_sat_zoom_21.png,48.56003
locationid_33.2120577532032_-87.5603934869527_sat_zoom_21.png,51.70649
locationid_33.2061268439331_-87.5252341194203_sat_zoom_21.png,81.37786
locationid_33.2111399929176_-87.5550433870891_sat_zoom_21.png,29.156435
locationid_33.206063757709_-87.5233191001578_sat_zoom_21.png,64.111336
locationid_33.2060348804846_-87.5199489970551_sat_zoom_21.png,63.66392
locationid_33.2113013235571_-87.5560917829844_sat_zoom_21.png,45.139324
locationid_33.2061118430884_-87.5139568343768_sat_zoom_21.png,69.487335
locationid_33.2101974184039_-87.567246986427_sat_zoom_21.png,58.322254
locationid_33.2092968231238_-87.5446559136716_sat_zoom_21.png,21.770245
locationid_33.206045549274_-87.5238103517146_sat_zoom_21.png,57.57952
locationid_33.2060695355554_-87.5242437769114_sat_zoom_21.png,58.152172
locationid_33.2096783366109_-87.5468073513599_sat_zoom_21.png,35.028683
locationid_33.2060421656534_-87.5237484314569_sat_zoom_21.png,53.834404
locationid_33.210395725586_-87.5664086718512_sat_zoom_21.png,48.87764
locationid_33.2066636090199_-87.5299891278018_sat_zoom_21.png,66.65285
locationid_33.2062406599633_-87.5252840744949_sat_zoom_21.png,86.277306
locationid_33.2114090334949_-87.5628030948633_sat_zoom_21.png,60.119015
locationid_33.2088667278009_-87.5422600029048_sat_zoom_21.png,55.46068
locationid_33.206245169112_-87.5253460752894_sat_zoom_21.png,81.71296
locationid_33.2063268538463_-87.5262748613393_sat_zoom_21.png,64.14904
locationid_33.2060238858292_-87.5205730989133_sat_zoom_21.png,46.799442
locationid_33.209843517671_-87.5682808500162_sat_zoom_21.png,59.533825
locationid_33.2089025246158_-87.5718520524707_sat_zoom_21.png,50.412598
locationid_33.20914833596_-87.5438584165479_sat_zoom_21.png,58.528927
locationid_33.2062026004723_-87.5244768790252_sat_zoom_21.png,91.5866
locationid_33.2091974375348_-87.5441666930693_sat_zoom_21.png,39.915012
locationid_33.2079952595864_-87.5372795932454_sat_zoom_21.png,70.87242
locationid_33.2062971288802_-87.5259654632141_sat_zoom_21.png,58.11715
locationid_33.2106863490494_-87.5653231425075_sat_zoom_21.png,53.582745
locationid_33.2069823649868_-87.5318930638748_sat_zoom_21.png,89.87544
locationid_33.2084562311091_-87.5399871479504_sat_zoom_21.png,54.027184
locationid_33.2060367027562_-87.5191374930685_sat_zoom_21.png,55.615505
locationid_33.2060514292483_-87.5178890704338_sat_zoom_21.png,58.94718
locationid_33.2090651216688_-87.5710622688845_sat_zoom_21.png,33.568317
locationid_33.2109431800613_-87.5539369903372_sat_zoom_21.png,32.016857
locationid_33.207863991515_-87.5366071754762_sat_zoom_21.png,102.181984
locationid_33.2060386298614_-87.5227578183043_sat_zoom_21.png,60.277584
locationid_33.2117499581943_-87.5584845618412_sat_zoom_21.png,37.567905
locationid_33.2089275312391_-87.5426295611248_sat_zoom_21.png,50.91638
locationid_33.2078753869241_-87.5366684140283_sat_zoom_21.png,97.01586
locationid_33.2081267557074_-87.5379535774392_sat_zoom_21.png,48.37207
locationid_33.2108126010084_-87.5648399477441_sat_zoom_21.png,57.85421
locationid_33.2062811723118_-87.5265269301707_sat_zoom_21.png,84.83458
locationid_33.2064235910074_-87.5276346654793_sat_zoom_21.png,38.18183
locationid_33.209943283443_-87.5483454697908_sat_zoom_21.png,39.173275
locationid_33.2119174311939_-87.5610003950084_sat_zoom_21.png,78.91085
locationid_33.2111895061788_-87.5554145842013_sat_zoom_21.png,33.293053
locationid_33.2061728151728_-87.5256657251757_sat_zoom_21.png,71.06764
locationid_33.2106712309292_-87.565383718537_sat_zoom_21.png,65.30628
locationid_33.2063030738734_-87.5260273428392_sat_zoom_21.png,53.93151
locationid_33.2094515140035_-87.5455795051086_sat_zoom_21.png,36.64369
locationid_33.2090861856204_-87.5434890224488_sat_zoom_21.png,30.501616
locationid_33.2067446875462_-87.5304806568429_sat_zoom_21.png,104.99754
locationid_33.2092021247977_-87.5705851896024_sat_zoom_21.png,54.29677
locationid_33.2083674904199_-87.5733322436657_sat_zoom_21.png,50.44284
locationid_33.2119294063671_-87.5594671797489_sat_zoom_21.png,41.19344
locationid_33.2082504521422_-87.5386924740199_sat_zoom_21.png,64.70116
locationid_33.2084364388047_-87.5398638583873_sat_zoom_21.png,44.72571
locationid_33.2061131059875_-87.513270142085_sat_zoom_21.png,51.62905
locationid_33.2066817927588_-87.5301123731427_sat_zoom_21.png,45.518734
locationid_33.2117370701418_-87.5584234724721_sat_zoom_21.png,37.546127
locationid_33.2096559995195_-87.546684497357_sat_zoom_21.png,32.2692
locationid_33.2090031459421_-87.5711745897772_sat_zoom_21.png,26.230139
locationid_33.2073163214378_-87.533731418412_sat_zoom_21.png,118.86348
locationid_33.2089373418616_-87.5717319196838_sat_zoom_21.png,59.918
locationid_33.2083846621714_-87.5732721091272_sat_zoom_21.png,51.272957
locationid_33.2110754822635_-87.5546743950469_sat_zoom_21.png,33.568317
locationid_33.2106137414213_-87.5520933166028_sat_zoom_21.png,32.011963
locationid_33.2063565788124_-87.5265842594645_sat_zoom_21.png,96.62023
locationid_33.2061794682248_-87.5257273758928_sat_zoom_21.png,64.92828
locationid_33.2093294266397_-87.5448403564188_sat_zoom_21.png,21.604048
locationid_33.2100739291363_-87.5490191049274_sat_zoom_21.png,31.140902
locationid_33.2117159953391_-87.561722016415_sat_zoom_21.png,55.871624
locationid_33.2115628920207_-87.5574399164862_sat_zoom_21.png,41.590622
locationid_33.210099706126_-87.5676039407646_sat_zoom_21.png,50.53861
locationid_33.2060388155833_-87.5190126589264_sat_zoom_21.png,62.766087
locationid_33.2061098746835_-87.5143938202623_sat_zoom_21.png,50.571583
locationid_33.2091524984673_-87.5707652208885_sat_zoom_21.png,39.03051
locationid_33.2099368523296_-87.5681988646605_sat_zoom_21.png,40.958855
locationid_33.2060317771507_-87.5225706812098_sat_zoom_21.png,62.805313
locationid_33.2061142820052_-87.5128956035103_sat_zoom_21.png,38.71768
locationid_33.206113374489_-87.513332568696_sat_zoom_21.png,52.945385
locationid_33.2108985058785_-87.5536912823315_sat_zoom_21.png,33.11711
locationid_33.209024384976_-87.5714315877165_sat_zoom_21.png,35.818504
locationid_33.2114941737236_-87.557071678064_sat_zoom_21.png,34.053886
locationid_33.206046_-87.5185133169479_sat_zoom_21.png,57.880455
locationid_33.2105275953779_-87.5659269217244_sat_zoom_21.png,70.021835
locationid_33.2113492556737_-87.5563368484286_sat_zoom_21.png,39.184402
locationid_33.2092130589767_-87.5442271412576_sat_zoom_21.png,36.63721
locationid_33.2061121242891_-87.5138944078218_sat_zoom_21.png,67.51147
locationid_33.2073819283948_-87.5340358688209_sat_zoom_21.png,91.41924
locationid_33.2060440414468_-87.5228825553483_sat_zoom_21.png,70.94171
locationid_33.210148562265_-87.5674254635958_sat_zoom_21.png,39.6218
locationid_33.2107341481177_-87.5527694425941_sat_zoom_21.png,33.534237
locationid_33.2084876926808_-87.5729113018962_sat_zoom_21.png,63.66255
locationid_33.2118083266898_-87.5587911845754_sat_zoom_21.png,39.411198
locationid_33.2119006462578_-87.5610605305124_sat_zoom_21.png,78.9709
locationid_33.2107955858862_-87.5649000185235_sat_zoom_21.png,55.962315
locationid_33.2060289947182_-87.5212597759547_sat_zoom_21.png,46.32059
locationid_33.2089705195201_-87.5428755696904_sat_zoom_21.png,51.17223
locationid_33.2094846746243_-87.5696301986228_sat_zoom_21.png,39.729057
locationid_33.2095325555741_-87.5460089117756_sat_zoom_21.png,19.001549
locationid_33.2061130687469_-87.5129580189079_sat_zoom_21.png,35.845455
locationid_33.2060333100204_-87.5196992932401_sat_zoom_21.png,67.499054
locationid_33.2101834907292_-87.5496969788488_sat_zoom_21.png,36.61868
locationid_33.2105268316499_-87.5516014693403_sat_zoom_21.png,35.13639
locationid_33.2074538567046_-87.5344025690606_sat_zoom_21.png,62.153774
locationid_33.2068904691045_-87.5314032943342_sat_zoom_21.png,98.14127
locationid_33.2079551547881_-87.5370970838923_sat_zoom_21.png,80.0793
locationid_33.2099694230889_-87.5680798798814_sat_zoom_21.png,36.051735
locationid_33.2114108689575_-87.5566428780451_sat_zoom_21.png,38.594147
locationid_33.2061154952635_-87.5128331881127_sat_zoom_21.png,39.23728
locationid_33.2111391592696_-87.5637648939426_sat_zoom_21.png,42.178112
locationid_33.211967786002_-87.5608199884964_sat_zoom_21.png,67.49929
locationid_33.2060312646154_-87.521946431387_sat_zoom_21.png,46.90155
locationid_33.2084306673012_-87.5734713861079_sat_zoom_21.png,47.717484
locationid_33.2112402079575_-87.5634041758771_sat_zoom_21.png,67.63518
locationid_33.2065328512856_-87.5288130492012_sat_zoom_21.png,84.07048
locationid_33.2068058215883_-87.5309122510576_sat_zoom_21.png,91.23886
locationid_33.207221969569_-87.5332422113281_sat_zoom_21.png,92.667694
locationid_33.2096448309738_-87.5466230703556_sat_zoom_21.png,29.981882
locationid_33.2060595969349_-87.5170151279621_sat_zoom_21.png,55.824997
locationid_33.2099898584783_-87.5485908065637_sat_zoom_21.png,37.722614
locationid_33.2090526291884_-87.5710597179554_sat_zoom_21.png,33.462418
locationid_33.2118300280249_-87.5589141524686_sat_zoom_21.png,44.48825
locationid_33.2088952900284_-87.5424450547005_sat_zoom_21.png,43.00976
locationid_33.2103181190465_-87.566832603438_sat_zoom_21.png,49.96103
locationid_33.2060755278959_-87.5159539963895_sat_zoom_21.png,65.83557
locationid_33.2089920136605_-87.5429985739732_sat_zoom_21.png,53.21835
locationid_33.2062852388938_-87.525841703964_sat_zoom_21.png,75.95993
locationid_33.2081873438087_-87.5383232468307_sat_zoom_21.png,80.48692
locationid_33.2089382783094_-87.5426910632662_sat_zoom_21.png,50.995438
locationid_33.209288184711_-87.5702861151392_sat_zoom_21.png,44.54325
locationid_33.2110412710954_-87.5544902605672_sat_zoom_21.png,33.798737
locationid_33.206046_-87.5185757441363_sat_zoom_21.png,58.924828
locationid_33.2061104370849_-87.5142689671522_sat_zoom_21.png,57.575134
locationid_33.210136805824_-87.5493883947691_sat_zoom_21.png,39.127113
locationid_33.2097775645919_-87.5686765123718_sat_zoom_21.png,81.10924
locationid_33.2093248625683_-87.5701671432659_sat_zoom_21.png,38.367
locationid_33.2061855188861_-87.5257890926385_sat_zoom_21.png,56.97181
locationid_33.2096113253366_-87.5464387893513_sat_zoom_21.png,29.19714
locationid_33.209442000029_-87.5455178001882_sat_zoom_21.png,35.05681
locationid_33.2060298262963_-87.5220712774788_sat_zoom_21.png,48.094013
locationid_33.2061041045686_-87.5249249134803_sat_zoom_21.png,65.00788
locationid_33.2099090386639_-87.548161325062_sat_zoom_21.png,35.027607
locationid_33.2060813667007_-87.5155794787705_sat_zoom_21.png,49.084
locationid_33.2062573046525_-87.5255321683373_sat_zoom_21.png,82.41862
locationid_33.2061115618877_-87.5140192609319_sat_zoom_21.png,68.45039
locationid_33.2113919800592_-87.5628631547771_sat_zoom_21.png,58.91507
locationid_33.2061016701961_-87.5148306979513_sat_zoom_21.png,35.91063
locationid_33.2103611309346_-87.5665909937882_sat_zoom_21.png,46.84823
locationid_33.2060765010301_-87.5158915767864_sat_zoom_21.png,58.691383
locationid_33.2078867823333_-87.5367296525803_sat_zoom_21.png,89.84771
locationid_33.2114601938023_-87.5626229151219_sat_zoom_21.png,54.22642
locationid_33.2063401828898_-87.5268932737427_sat_zoom_21.png,92.611046
locationid_33.2091855826876_-87.5706452000311_sat_zoom_21.png,38.488316
locationid_33.2114623531544_-87.5568872448633_sat_zoom_21.png,40.64853
locationid_33.206580387344_-87.5293090506534_sat_zoom_21.png,100.684555
locationid_33.2064557469918_-87.5279444498926_sat_zoom_21.png,46.515926
locationid_33.209351162317_-87.5449633182503_sat_zoom_21.png,24.545267
locationid_33.207784223651_-87.5361785056121_sat_zoom_21.png,73.21493
locationid_33.2102196182556_-87.566946083095_sat_zoom_21.png,44.402298
locationid_33.2061132490919_-87.5136447016015_sat_zoom_21.png,64.98503
locationid_33.2072660777806_-87.5334873777913_sat_zoom_21.png,118.23153
locationid_33.2095537299004_-87.5693909714165_sat_zoom_21.png,55.999744
locationid_33.211171125688_-87.5552910762694_sat_zoom_21.png,28.46709
locationid_33.2061405020768_-87.5236140041535_sat_zoom_21.png,62.48021
locationid_33.2104453996976_-87.5511088165322_sat_zoom_21.png,46.671913
locationid_33.2096745766335_-87.5689723238055_sat_zoom_21.png,82.44013
locationid_33.2107619396504_-87.5650202623596_sat_zoom_21.png,44.141136
locationid_33.2108807778823_-87.5645997007727_sat_zoom_21.png,77.08583
locationid_33.2083269090314_-87.5736990058123_sat_zoom_21.png,32.3458
locationid_33.2101053674802_-87.5492037498482_sat_zoom_21.png,32.597168
locationid_33.209461027978_-87.545641210029_sat_zoom_21.png,39.084045
locationid_33.2076930603779_-87.535688597196_sat_zoom_21.png,54.075466
locationid_33.211562514417_-87.5622625556392_sat_zoom_21.png,66.31427
locationid_33.2100519775566_-87.5675537197668_sat_zoom_21.png,34.32693
locationid_33.2065022124555_-87.5284405685658_sat_zoom_21.png,66.48598
locationid_33.2110097960387_-87.554305623952_sat_zoom_21.png,34.644573
locationid_33.2095443140623_-87.5460702273428_sat_zoom_21.png,15.370975
locationid_33.2088558173625_-87.5421985315295_sat_zoom_21.png,51.799286
locationid_33.2062792939006_-87.525779824339_sat_zoom_21.png,75.55011
locationid_33.2090278875653_-87.5711171538663_sat_zoom_21.png,30.869139
locationid_33.2114231916143_-87.5567040839684_sat_zoom_21.png,40.4449
locationid_33.2065871425146_-87.5293709730505_sat_zoom_21.png,124.05334
locationid_33.2078412006967_-87.5364846983722_sat_zoom_21.png,85.62717
locationid_33.210782984723_-87.5530777692211_sat_zoom_21.png,41.06642
locationid_33.2118838613218_-87.5611206660163_sat_zoom_21.png,66.963
locationid_33.2063834613159_-87.5273258716819_sat_zoom_21.png,55.301987
locationid_33.2103381153464_-87.5667742535794_sat_zoom_21.png,52.28236
locationid_33.2084705209292_-87.5729714364347_sat_zoom_21.png,65.36918
locationid_33.2060601803411_-87.5169527034999_sat_zoom_21.png,53.450672
locationid_33.2120316795496_-87.560578611914_sat_zoom_21.png,68.99351
locationid_33.2065124253989_-87.5285647287776_sat_zoom_21.png,81.08835
locationid_33.2065601218322_-87.5291232834618_sat_zoom_21.png,85.25644
locationid_33.2117757342995_-87.5586067405794_sat_zoom_21.png,42.027943
locationid_33.2064919995121_-87.528316408354_sat_zoom_21.png,76.83325
locationid_33.2103778480824_-87.5507403531768_sat_zoom_21.png,49.968716
locationid_33.2103370355869_-87.5665872468234_sat_zoom_21.png,46.093906
locationid_33.2096573128145_-87.5690321306071_sat_zoom_21.png,119.00151
locationid_33.2076816649687_-87.535627358644_sat_zoom_21.png,58.970913
locationid_33.2093615404256_-87.5700481713927_sat_zoom_21.png,38.670376
locationid_33.206442884598_-87.5278205361273_sat_zoom_21.png,32.68431
locationid_33.2104981611013_-87.551416396211_sat_zoom_21.png,38.947628
locationid_33.2094502794281_-87.5697498488292_sat_zoom_21.png,41.135204
locationid_33.2060913050631_-87.5150801869243_sat_zoom_21.png,52.61942
locationid_33.2097341793394_-87.547114486367_sat_zoom_21.png,33.89112
locationid_33.2061798510362_-87.5239178610737_sat_zoom_21.png,55.807156
locationid_33.2097403456631_-87.5687300350777_sat_zoom_21.png,65.25466
locationid_33.2062317846679_-87.525160064588_sat_zoom_21.png,70.20079
locationid_33.2088420089111_-87.5716471842516_sat_zoom_21.png,51.99682
locationid_33.2116918861925_-87.5581779053559_sat_zoom_21.png,41.471313
locationid_33.2096227851764_-87.5691517442102_sat_zoom_21.png,100.18488
locationid_33.2116688637752_-87.5580551826515_sat_zoom_21.png,38.065853
locationid_33.2060745547618_-87.5160164159927_sat_zoom_21.png,71.88514
locationid_33.2086183379069_-87.5409093653483_sat_zoom_21.png,71.470604
locationid_33.208401833923_-87.5732119745887_sat_zoom_21.png,48.218555
locationid_33.2115963292259_-87.5576242099195_sat_zoom_21.png,42.76385
locationid_33.211223371184_-87.5634642968881_sat_zoom_21.png,56.761353
locationid_33.2114831334915_-87.557010254583_sat_zoom_21.png,33.345234
locationid_33.2060337886427_-87.5200114069683_sat_zoom_21.png,61.49408
locationid_33.2060232541963_-87.5204482461342_sat_zoom_21.png,54.364353
locationid_33.2112262671603_-87.5556616000649_sat_zoom_21.png,44.555233
locationid_33.2080079524837_-87.5373406442681_sat_zoom_21.png,81.039116
locationid_33.2090971969943_-87.5435504778193_sat_zoom_21.png,32.339073
locationid_33.2060625139659_-87.5167030056509_sat_zoom_21.png,61.112453
locationid_33.2104904341077_-87.5513544587692_sat_zoom_21.png,41.41904
locationid_33.210980821837_-87.5643039956323_sat_zoom_21.png,67.245804
locationid_33.2060329174043_-87.5196368672863_sat_zoom_21.png,68.23555
locationid_33.2120429459848_-87.5601444058331_sat_zoom_21.png,42.016754
locationid_33.2113749266234_-87.5629232146909_sat_zoom_21.png,59.777782
locationid_33.210724148505_-87.5527078167775_sat_zoom_21.png,32.15621
locationid_33.2112065344104_-87.5635244178992_sat_zoom_21.png,50.119606
locationid_33.2062496782606_-87.5254080760839_sat_zoom_21.png,77.8667
locationid_33.2060557337196_-87.5239961106345_sat_zoom_21.png,50.256287
locationid_33.2098042135668_-87.5684024751239_sat_zoom_21.png,47.231724
locationid_33.2061126866905_-87.5137695547117_sat_zoom_21.png,64.923164
locationid_33.20886770737_-87.5719721852576_sat_zoom_21.png,60.14221
locationid_33.2063387438327_-87.5263986205894_sat_zoom_21.png,79.762794
locationid_33.2113580653723_-87.5629833287995_sat_zoom_21.png,67.71778
locationid_33.2067245697711_-87.5303578076114_sat_zoom_21.png,92.125694
locationid_33.2085220361839_-87.5727910328192_sat_zoom_21.png,65.55538
locationid_33.2062361508146_-87.5252220737004_sat_zoom_21.png,74.42052
locationid_33.2101648476446_-87.5673659712062_sat_zoom_21.png,55.471317
locationid_33.2084167654347_-87.5397405505897_sat_zoom_21.png,38.56332
locationid_33.2102308366206_-87.5499421831028_sat_zoom_21.png,48.044415
locationid_33.2114431403665_-87.5626829750357_sat_zoom_21.png,65.86168
locationid_33.2089547504844_-87.5716718532903_sat_zoom_21.png,64.67515
locationid_33.2091194142471_-87.5708852417459_sat_zoom_21.png,39.76714
locationid_33.2063090188667_-87.5260892224642_sat_zoom_21.png,51.281273
locationid_33.2117628462469_-87.5585456512103_sat_zoom_21.png,39.004105
locationid_33.2061035547217_-87.5147682992141_sat_zoom_21.png,30.100113
locationid_33.2115851834908_-87.557562778775_sat_zoom_21.png,46.153072
locationid_33.2083528485989_-87.5736421008862_sat_zoom_21.png,37.269054
locationid_33.2079817787593_-87.5372187797362_sat_zoom_21.png,77.11104
locationid_33.2094149526828_-87.5698692288648_sat_zoom_21.png,36.397766
locationid_33.206344688826_-87.5264605002145_sat_zoom_21.png,97.12811
locationid_33.2079209685607_-87.5369133682363_sat_zoom_21.png,81.03501
locationid_33.2060254649116_-87.520885230861_sat_zoom_21.png,55.553593
locationid_33.206220946018_-87.5249116427317_sat_zoom_21.png,81.413994
locationid_33.2120542510148_-87.5602687611626_sat_zoom_21.png,39.604305
locationid_33.2113412285987_-87.5630434498106_sat_zoom_21.png,81.679344
locationid_33.2086703424561_-87.5412171110588_sat_zoom_21.png,58.371605
locationid_33.2085392079354_-87.5727308982807_sat_zoom_21.png,57.265984
locationid_33.2117663667694_-87.5615416145442_sat_zoom_21.png,41.77964
locationid_33.2061441165885_-87.5254193537591_sat_zoom_21.png,57.029648
locationid_33.2075449200591_-87.5348924960199_sat_zoom_21.png,41.27576
locationid_33.2066313663028_-87.5297420763208_sat_zoom_21.png,96.55997
locationid_33.2094725185532_-87.5457025690279_sat_zoom_21.png,34.571304
locationid_33.2084566068687_-87.5734144811818_sat_zoom_21.png,61.92425
locationid_33.2085907231901_-87.5725504946652_sat_zoom_21.png,52.68005
locationid_33.210434141095_-87.551047405973_sat_zoom_21.png,46.62782
locationid_33.2083503186683_-87.5733923782042_sat_zoom_21.png,45.443794
locationid_33.2100529702404_-87.5488960083135_sat_zoom_21.png,33.19891
locationid_33.2102462745428_-87.5670685092582_sat_zoom_21.png,49.870182
locationid_33.2062537327478_-87.5254701064936_sat_zoom_21.png,77.43051
locationid_33.2060695515418_-87.5234438200316_sat_zoom_21.png,64.12782
locationid_33.2111217414398_-87.5638248491936_sat_zoom_21.png,63.344387
locationid_33.2060285642145_-87.5201986156487_sat_zoom_21.png,61.896458
locationid_33.2116380714823_-87.5578704288939_sat_zoom_21.png,39.18922
locationid_33.2071724491485_-87.5329347245515_sat_zoom_21.png,78.411224
locationid_33.2080436305013_-87.5375245170319_sat_zoom_21.png,58.84876
locationid_33.2093185588011_-87.5447788755031_sat_zoom_21.png,18.052582
locationid_33.2105370414282_-87.5516630611625_sat_zoom_21.png,31.81361
locationid_33.2062049423999_-87.5259740881028_sat_zoom_21.png,42.619358
locationid_33.209235209018_-87.570465168745_sat_zoom_21.png,66.37578
locationid_33.2074198479861_-87.534218820462_sat_zoom_21.png,82.11092
locationid_33.2076360833322_-87.535382404436_sat_zoom_21.png,51.60046
locationid_33.2115284075454_-87.5623826754668_sat_zoom_21.png,60.345657
locationid_33.2060502624359_-87.5180139193583_sat_zoom_21.png,48.08866
locationid_33.2060659021997_-87.5165157574927_sat_zoom_21.png,55.488297
locationid_33.2109007866732_-87.5645405597446_sat_zoom_21.png,72.524666
locationid_33.2060310812913_-87.5214470458959_sat_zoom_21.png,47.95892
locationid_33.2102185922923_-87.5498809614616_sat_zoom_21.png,42.50888
locationid_33.2060521700435_-87.5230696604103_sat_zoom_21.png,69.46982
locationid_33.2114492153304_-87.5568262087224_sat_zoom_21.png,38.75899
locationid_33.2062228048383_-87.5260968203404_sat_zoom_21.png,40.65195
locationid_33.2113615783304_-87.5563980543519_sat_zoom_21.png,36.962284
locationid_33.2060291071368_-87.5221337005247_sat_zoom_21.png,47.725883
locationid_33.2111189780518_-87.5549203000179_sat_zoom_21.png,30.7119
locationid_33.2073037605235_-87.5336704082568_sat_zoom_21.png,126.1504
locationid_33.2091776988668_-87.5440434028608_sat_zoom_21.png,53.044838
locationid_33.2101706675913_-87.5671287526472_sat_zoom_21.png,48.120296
locationid_33.2071207332983_-87.5326276225531_sat_zoom_21.png,64.929535
locationid_33.2060672415306_-87.5164533446732_sat_zoom_21.png,53.41757
locationid_33.2119342161299_-87.5609402595044_sat_zoom_21.png,77.746956
locationid_33.2104228824925_-87.5509859954137_sat_zoom_21.png,47.619373
locationid_33.2078981777424_-87.5367908911323_sat_zoom_21.png,94.199684
locationid_33.2089490253796_-87.5427525654076_sat_zoom_21.png,46.634594
locationid_33.2113739009872_-87.5564592602752_sat_zoom_21.png,33.726933
locationid_33.2117327893112_-87.5616618834341_sat_zoom_21.png,63.235348
locationid_33.2060357386585_-87.519262343723_sat_zoom_21.png,51.078175
locationid_33.211959031348_-87.5596521242724_sat_zoom_21.png,40.97509
locationid_33.2060550669599_-87.5231320203472_sat_zoom_21.png,68.889565
locationid_33.2083987123158_-87.5396169943816_sat_zoom_21.png,42.73663
locationid_33.2074085117466_-87.5341575709291_sat_zoom_21.png,82.73396
locationid_33.2088934335275_-87.5714667547785_sat_zoom_21.png,50.717903
locationid_33.2103117334473_-87.550371633425_sat_zoom_21.png,50.13915
locationid_33.2094965333616_-87.545825106127_sat_zoom_21.png,31.680565
locationid_33.2060849004154_-87.5235028008307_sat_zoom_21.png,51.160652
locationid_33.2060268227384_-87.5202610185421_sat_zoom_21.png,68.05081
locationid_33.2060282991938_-87.521197352641_sat_zoom_21.png,61.866623
locationid_33.2100508499871_-87.5677824179334_sat_zoom_21.png,34.416412
locationid_33.2098985656367_-87.5480997804936_sat_zoom_21.png,33.22634
locationid_33.2063684687988_-87.5267080187146_sat_zoom_21.png,104.26444
locationid_33.2091189730532_-87.543673430235_sat_zoom_21.png,37.004772
locationid_33.2061163890316_-87.5251105453657_sat_zoom_21.png,71.093956
locationid_33.2116585996776_-87.5579935980656_sat_zoom_21.png,39.274197
locationid_33.2111294854847_-87.5549818435535_sat_zoom_21.png,26.782713
locationid_33.2087899281044_-87.5718274230893_sat_zoom_21.png,46.334797
locationid_33.207132261145_-87.5326888363126_sat_zoom_21.png,64.02758
locationid_33.2087366711208_-87.5720073202256_sat_zoom_21.png,61.011116
locationid_33.2088328901243_-87.5720923180445_sat_zoom_21.png,47.68505
locationid_33.2115182536477_-87.5571942023837_sat_zoom_21.png,41.78761
locationid_33.2083535795186_-87.5393081038613_sat_zoom_21.png,40.559235
locationid_33.2093402944783_-87.5449018373345_sat_zoom_21.png,21.22579
locationid_33.2105770465498_-87.5657462654269_sat_zoom_21.png,36.599693
locationid_33.2103440722748_-87.5505561214991_sat_zoom_21.png,64.32503
locationid_33.2063029836533_-87.5267116850631_sat_zoom_21.png,101.60631
locationid_33.2060823398348_-87.5155170591673_sat_zoom_21.png,54.691917
locationid_33.206174391293_-87.5237936519155_sat_zoom_21.png,53.91084
locationid_33.2087973313147_-87.5722122211748_sat_zoom_21.png,34.410023
locationid_33.2105918271375_-87.551970386477_sat_zoom_21.png,38.13867
locationid_33.2060337026364_-87.5197617191938_sat_zoom_21.png,67.021164
locationid_33.2086194979849_-87.5724288582548_sat_zoom_21.png,39.15332
locationid_33.2061107182856_-87.5142065405971_sat_zoom_21.png,63.289307
locationid_33.2062585297149_-87.5263422848155_sat_zoom_21.png,61.029755
locationid_33.2099531377092_-87.5681393722709_sat_zoom_21.png,38.936043
locationid_33.2061120319812_-87.5130204356411_sat_zoom_21.png,37.354588
locationid_33.2108401844127_-87.553384623177_sat_zoom_21.png,37.025803
locationid_33.2113243918252_-87.5631035708216_sat_zoom_21.png,83.37258
locationid_33.2117974765643_-87.5587297005312_sat_zoom_21.png,41.713852
locationid_33.2079095731516_-87.5368521296843_sat_zoom_21.png,82.83312
locationid_33.2096001567909_-87.5463773623499_sat_zoom_21.png,24.928083
locationid_33.210656112809_-87.5654442945666_sat_zoom_21.png,52.368633
locationid_33.212011476098_-87.559959841594_sat_zoom_21.png,36.369514
locationid_33.2109408042551_-87.5644222776885_sat_zoom_21.png,40.904083
locationid_33.2077272466053_-87.5358723128521_sat_zoom_21.png,45.83058
locationid_33.2060331678645_-87.5216343158371_sat_zoom_21.png,53.79303
locationid_33.2115294548155_-87.5572556230529_sat_zoom_21.png,38.594803
locationid_33.2060607637473_-87.5168902790376_sat_zoom_21.png,53.235027
locationid_33.21073170341_-87.5651414144188_sat_zoom_21.png,43.57971
locationid_33.2060770224177_-87.5244916787379_sat_zoom_21.png,82.26104
locationid_33.2098192266704_-87.5476066526047_sat_zoom_21.png,28.49983
locationid_33.210379241862_-87.5664688906171_sat_zoom_21.png,54.382298
locationid_33.2083355263997_-87.5391845476532_sat_zoom_21.png,46.551323
locationid_33.2103596785289_-87.5665284156078_sat_zoom_21.png,39.40378
locationid_33.2097565164309_-87.5472373403698_sat_zoom_21.png,38.56632
locationid_33.2117999366415_-87.5614213435362_sat_zoom_21.png,44.93456
locationid_33.2093796259376_-87.5699886089005_sat_zoom_21.png,38.402885
locationid_33.2083787881663_-87.5735851959601_sat_zoom_21.png,35.116196
locationid_33.2108873155198_-87.5536298593019_sat_zoom_21.png,33.568317
locationid_33.2110694879503_-87.5640047149465_sat_zoom_21.png,60.102787
locationid_33.2087039329893_-87.541401375857_sat_zoom_21.png,57.56488
locationid_33.2072535168663_-87.5334263676361_sat_zoom_21.png,100.69978
locationid_33.2062957132061_-87.5266501000989_sat_zoom_21.png,93.84374
locationid_33.2083264998403_-87.5391227695491_sat_zoom_21.png,49.27351
locationid_33.2101951135506_-87.549758321517_sat_zoom_21.png,38.962074
locationid_33.2107439154388_-87.5528311079195_sat_zoom_21.png,32.666584
locationid_33.2091690405775_-87.5707052104598_sat_zoom_21.png,39.798992
locationid_33.2060523165153_-87.5239341922301_sat_zoom_21.png,57.13538
locationid_33.2065938976852_-87.5294328954477_sat_zoom_21.png,128.78903
locationid_33.2118502914497_-87.5612409370243_sat_zoom_21.png,72.865845
locationid_33.2111619354426_-87.5552293223035_sat_zoom_21.png,31.192019
locationid_33.2060250812623_-87.5203234214356_sat_zoom_21.png,66.95698
locationid_33.2060996824111_-87.5148930928178_sat_zoom_21.png,38.87923
locationid_33.2063544135208_-87.5268923927863_sat_zoom_21.png,98.45128
locationid_33.2089597724498_-87.542814067549_sat_zoom_21.png,47.313828
locationid_33.2101656644434_-87.5495734273993_sat_zoom_21.png,37.490505
locationid_33.2090069763531_-87.57149165411_sat_zoom_21.png,40.9268
locationid_33.2089167841689_-87.5425680589833_sat_zoom_21.png,44.399673
locationid_33.2099024789134_-87.5683173002327_sat_zoom_21.png,44.289047
locationid_33.2088760883808_-87.5423217070461_sat_zoom_21.png,60.870544
locationid_33.2094676460055_-87.569690072763_sat_zoom_21.png,48.95015
locationid_33.2111986964242_-87.5554763381672_sat_zoom_21.png,35.16309
locationid_33.2087779400647_-87.5417685828153_sat_zoom_21.png,43.340923
locationid_33.2120454222768_-87.5605177447489_sat_zoom_21.png,61.06209
locationid_33.2111531883157_-87.5551675142101_sat_zoom_21.png,31.501717
locationid_33.2106246985631_-87.5521547816658_sat_zoom_21.png,31.76251
locationid_33.2060584301226_-87.5171399768867_sat_zoom_21.png,49.94311
locationid_33.2102033013675_-87.5670069729457_sat_zoom_21.png,41.180927
locationid_33.208978404319_-87.571232025688_sat_zoom_21.png,28.533253
locationid_33.2083806591969_-87.5394934381735_sat_zoom_21.png,33.8243
locationid_33.2096671680652_-87.5467459243584_sat_zoom_21.png,35.96724
locationid_33.2099123301683_-87.5680382910794_sat_zoom_21.png,36.207985
locationid_33.2061125689843_-87.513145288863_sat_zoom_21.png,46.754463
locationid_33.2120225931502_-87.5600212779355_sat_zoom_21.png,38.751667
locationid_33.2108525992266_-87.553445810474_sat_zoom_21.png,34.88542
locationid_33.2091359563572_-87.5708252313172_sat_zoom_21.png,35.247307
locationid_33.2074879430134_-87.5345863032598_sat_zoom_21.png,41.344467
locationid_33.2088030315856_-87.5418909039797_sat_zoom_21.png,43.093357
locationid_33.2061875253211_-87.5241041966322_sat_zoom_21.png,45.05452
locationid_33.2114260869307_-87.5627430349495_sat_zoom_21.png,59.09467
locationid_33.2063625238056_-87.5266461390896_sat_zoom_21.png,93.23118
locationid_33.2083445529592_-87.5392463257572_sat_zoom_21.png,41.561577
locationid_33.2060303056906_-87.5201362127552_sat_zoom_21.png,58.936127
locationid_33.2112738815046_-87.5632839338549_sat_zoom_21.png,86.24629
locationid_33.2098295142639_-87.54766823327_sat_zoom_21.png,28.339926
locationid_33.2060338633889_-87.5216967391508_sat_zoom_21.png,47.62584
locationid_33.2106027842794_-87.5520318515399_sat_zoom_21.png,40.480976
locationid_33.2091385483244_-87.5437967544436_sat_zoom_21.png,53.109776
locationid_33.2060645628688_-87.5165781703122_sat_zoom_21.png,60.455715
locationid_33.2093076909624_-87.5447173945873_sat_zoom_21.png,18.6973
locationid_33.2087152112625_-87.5414627799045_sat_zoom_21.png,60.089207
locationid_33.210255325277_-87.550064626385_sat_zoom_21.png,51.013397
locationid_33.2092598101577_-87.5444723925864_sat_zoom_21.png,29.108467
locationid_33.2060362207074_-87.5191999183958_sat_zoom_21.png,53.27802
locationid_33.2102137037835_-87.5671874940374_sat_zoom_21.png,50.54433
locationid_33.2081148806779_-87.5378922830953_sat_zoom_21.png,49.51579
locationid_33.2085456098496_-87.540478543064_sat_zoom_21.png,76.349335
locationid_33.2060608607927_-87.5232567402209_sat_zoom_21.png,51.762398
locationid_33.209998221284_-87.5677350332963_sat_zoom_21.png,50.771606
locationid_33.2099203604545_-87.5482227240031_sat_zoom_21.png,39.378136
locationid_33.206046_-87.5186381713247_sat_zoom_21.png,39.78654
locationid_33.2086834141373_-87.5721872173619_sat_zoom_21.png,43.04169
locationid_33.2064621781887_-87.5280064067753_sat_zoom_21.png,57.310455
locationid_33.2111803159334_-87.5553528302353_sat_zoom_21.png,32.333817
locationid_33.2064686093855_-87.528068363658_sat_zoom_21.png,65.05541
locationid_33.2067500122664_-87.5305427028452_sat_zoom_21.png,110.25159
locationid_33.210778570764_-87.5649600893029_sat_zoom_21.png,55.180153
locationid_33.2074311842256_-87.5342800699949_sat_zoom_21.png,80.62972
locationid_33.2117495818334_-87.5616017500482_sat_zoom_21.png,52.624893
locationid_33.2087653943042_-87.5417074222332_sat_zoom_21.png,56.01715
locationid_33.2090419994834_-87.5432432283053_sat_zoom_21.png,39.481426
locationid_33.2063923860959_-87.5273875187735_sat_zoom_21.png,38.922718
locationid_33.2095205481699_-87.5459476432261_sat_zoom_21.png,22.71669
locationid_33.2110874557531_-87.5547356694112_sat_zoom_21.png,33.568317
locationid_33.2093065236396_-87.5702266292026_sat_zoom_21.png,34.02584
locationid_33.2081571262378_-87.5381383982065_sat_zoom_21.png,73.153534
locationid_33.2095085407658_-87.5458863746765_sat_zoom_21.png,28.674084
locationid_33.2067022472423_-87.5302352442926_sat_zoom_21.png,65.20974
locationid_33.2112170769149_-87.555599846099_sat_zoom_21.png,38.27705
locationid_33.2060485122173_-87.518201192745_sat_zoom_21.png,49.055233
locationid_33.2076588741505_-87.53550488154_sat_zoom_21.png,59.00454
locationid_33.2116307281602_-87.562022315984_sat_zoom_21.png,65.555534
locationid_33.206787218481_-87.5307890683201_sat_zoom_21.png,92.25779
locationid_33.2110634423015_-87.554613132887_sat_zoom_21.png,32.38476
locationid_33.2075335246499_-87.5348312574678_sat_zoom_21.png,43.77945
locationid_33.2084661459828_-87.5400487894988_sat_zoom_21.png,58.150227
locationid_33.2060427528767_-87.5188254187534_sat_zoom_21.png,45.520115
locationid_33.2098089390769_-87.5475450719395_sat_zoom_21.png,29.184593
locationid_33.210322408067_-87.5504331481827_sat_zoom_21.png,54.51644
locationid_33.2110172344608_-87.5641845806995_sat_zoom_21.png,65.41719
locationid_33.2083174732808_-87.5390609914451_sat_zoom_21.png,53.511917
locationid_33.2099548484959_-87.5484068233764_sat_zoom_21.png,40.49787
locationid_33.2086767567172_-87.5726328177209_sat_zoom_21.png,56.736965
locationid_33.2087581579562_-87.5723310049071_sat_zoom_21.png,57.373558
locationid_33.2082075028278_-87.5384464769634_sat_zoom_21.png,73.54995
locationid_33.2061683029075_-87.5236696058149_sat_zoom_21.png,65.85521
locationid_33.2065736321734_-87.5292471282562_sat_zoom_21.png,92.80122
locationid_33.2092698457823_-87.5703456010758_sat_zoom_21.png,47.29467
locationid_33.2099293686674_-87.5679775991994_sat_zoom_21.png,52.16917
locationid_33.2089536626959_-87.5712894615989_sat_zoom_21.png,33.568317
locationid_33.2104616604819_-87.5661677967878_sat_zoom_21.png,47.18754
locationid_33.209711842248_-87.5469916323641_sat_zoom_21.png,32.74903
locationid_33.2066006528558_-87.5294948178449_sat_zoom_21.png,101.34257
locationid_33.210121716927_-87.5673114221993_sat_zoom_21.png,43.214966
locationid_33.2103545515577_-87.5666523229804_sat_zoom_21.png,55.09002
locationid_33.2110516259476_-87.5545518299586_sat_zoom_21.png,34.09828
locationid_33.2109096744242_-87.5537527093329_sat_zoom_21.png,34.223682
locationid_33.2098612146709_-87.5682203667196_sat_zoom_21.png,49.24835
locationid_33.2105935302738_-87.565686046661_sat_zoom_21.png,35.615242
locationid_33.2060872055054_-87.5152049611514_sat_zoom_21.png,65.3399
locationid_33.2061900553838_-87.5241663096721_sat_zoom_21.png,51.331184
locationid_33.2099664135487_-87.548468176962_sat_zoom_21.png,38.40516
locationid_33.2115406005506_-87.5573170541973_sat_zoom_21.png,42.008053
locationid_33.2071625456628_-87.5328732270997_sat_zoom_21.png,83.52854
locationid_33.2060803935666_-87.5156418983736_sat_zoom_21.png,53.55772
locationid_33.2093972893102_-87.5699289188827_sat_zoom_21.png,35.33284
locationid_33.2111896976369_-87.5635845389103_sat_zoom_21.png,51.247215
locationid_33.2112449944864_-87.5557850553216_sat_zoom_21.png,37.216988
locationid_33.2096400489954_-87.5690919374086_sat_zoom_21.png,118.656944
locationid_33.2070169826782_-87.5320766987175_sat_zoom_21.png,85.82176
locationid_33.2064013108759_-87.5274491658651_sat_zoom_21.png,42.147495
locationid_33.2062049744545_-87.5245389982263_sat_zoom_21.png,87.69039
locationid_33.206543064229_-87.528937209413_sat_zoom_21.png,90.398026
locationid_33.2069592785373_-87.5317706421519_sat_zoom_21.png,85.98183
locationid_33.2095882575384_-87.5692713578133_sat_zoom_21.png,79.52565
locationid_33.2060245174622_-87.5206979516924_sat_zoom_21.png,42.173733
locationid_33.206047345405_-87.5183260416696_sat_zoom_21.png,79.658615
locationid_33.2097676849766_-87.5472987673712_sat_zoom_21.png,37.12263
locationid_33.210034058799_-87.56761415761_sat_zoom_21.png,36.178616
locationid_33.2117831517055_-87.5614814790402_sat_zoom_21.png,37.859787
locationid_33.2060704903007_-87.516266091656_sat_zoom_21.png,50.94636
locationid_33.207097677605_-87.532505195034_sat_zoom_21.png,81.25033
locationid_33.2060684437826_-87.5163909292592_sat_zoom_21.png,54.579247
locationid_33.2118167215776_-87.5613612080322_sat_zoom_21.png,50.77313
locationid_33.208556379687_-87.5726707637422_sat_zoom_21.png,55.590935
locationid_33.2081470661178_-87.5380767799714_sat_zoom_21.png,63.994293
locationid_33.2090417935988_-87.5713715213231_sat_zoom_21.png,32.143063
locationid_33.2077158511962_-87.5358110743001_sat_zoom_21.png,45.312256
locationid_33.2074993384225_-87.5346475418118_sat_zoom_21.png,46.309643
locationid_33.2105589557119_-87.5517859912883_sat_zoom_21.png,32.79456
locationid_33.2067779169273_-87.5307274769514_sat_zoom_21.png,99.735466
locationid_33.2060735600778_-87.5160788352513_sat_zoom_21.png,63.996
locationid_33.2067965200346_-87.5308506596888_sat_zoom_21.png,102.220985
locationid_33.211724616355_-87.5583623028027_sat_zoom_21.png,37.43439
locationid_33.2111560240898_-87.5637047809325_sat_zoom_21.png,66.89017
locationid_33.2060453777389_-87.5187005919714_sat_zoom_21.png,35.49886
locationid_33.2105069864072_-87.5514781882873_sat_zoom_21.png,40.00381
locationid_33.2079323639698_-87.5369746067883_sat_zoom_21.png,71.913994
locationid_33.2119195313735_-87.5594055315744_sat_zoom_21.png,44.421993
locationid_33.2109987074854_-87.5542441824603_sat_zoom_21.png,36.35891
locationid_33.2097006737023_-87.5469302053627_sat_zoom_21.png,33.93686
locationid_33.2085229058876_-87.5403557563311_sat_zoom_21.png,63.340557
locationid_33.211617543287_-87.5577472597221_sat_zoom_21.png,44.415577
locationid_33.2061915695475_-87.5258508093843_sat_zoom_21.png,57.96765
locationid_33.2098059409865_-87.568618853953_sat_zoom_21.png,71.267105
locationid_33.2105111116539_-87.5659871404903_sat_zoom_21.png,63.90703
locationid_33.2072021596057_-87.5331192169067_sat_zoom_21.png,83.20789
locationid_33.2062138736191_-87.5260354542216_sat_zoom_21.png,43.305378
locationid_33.2119787813352_-87.5597754206213_sat_zoom_21.png,42.21478
locationid_33.2070515662182_-87.532260339996_sat_zoom_21.png,97.104965
locationid_33.2060375031522_-87.5190750723174_sat_zoom_21.png,53.54401
locationid_33.2097491881973_-87.5687341707906_sat_zoom_21.png,71.521095
locationid_33.2060555130916_-87.5174520991979_sat_zoom_21.png,40.528984
locationid_33.2065533666616_-87.5290613610646_sat_zoom_21.png,80.614555
locationid_33.2060327029344_-87.5218215852952_sat_zoom_21.png,49.124767
locationid_33.2116801500973_-87.5581165842585_sat_zoom_21.png,43.782093
locationid_33.2104781442059_-87.566107578022_sat_zoom_21.png,46.78361
locationid_33.2098952916692_-87.5680989829595_sat_zoom_21.png,34.826473
locationid_33.2060467619988_-87.5183884661318_sat_zoom_21.png,73.84681
locationid_33.2060413356541_-87.5228201868263_sat_zoom_21.png,64.59214
locationid_33.2084774979638_-87.5401101828652_sat_zoom_21.png,67.48765
locationid_33.2061849952583_-87.5240420835924_sat_zoom_21.png,47.20395
locationid_33.2088458298839_-87.5421369014784_sat_zoom_21.png,68.38405
locationid_33.2061090310814_-87.5145810999275_sat_zoom_21.png,31.875908
locationid_33.2094845259574_-87.5457638375775_sat_zoom_21.png,35.392647
locationid_33.2110346522907_-87.5641246254485_sat_zoom_21.png,45.54677
locationid_33.2101158469281_-87.5492652981552_sat_zoom_21.png,29.65536
locationid_33.2060332182759_-87.5226330812603_sat_zoom_21.png,56.31869
locationid_33.2087528485438_-87.541646261651_sat_zoom_21.png,49.48722
locationid_33.2095364660814_-87.5694507782181_sat_zoom_21.png,68.19789
locationid_33.2102352462868_-87.5668850148528_sat_zoom_21.png,42.39912
locationid_33.2101811330242_-87.5673064788166_sat_zoom_21.png,61.280815
locationid_33.209555482608_-87.5461316543443_sat_zoom_21.png,14.938874
locationid_33.2060479288111_-87.5182636172073_sat_zoom_21.png,69.215
locationid_33.2115966212886_-87.5621424358116_sat_zoom_21.png,58.998806
locationid_33.2107468215302_-87.5650808383892_sat_zoom_21.png,42.676857
locationid_33.2120173796922_-87.5606393863083_sat_zoom_21.png,70.76774
locationid_33.2092186669079_-87.5705251791737_sat_zoom_21.png,60.228317
locationid_33.2060632235379_-87.5166405831318_sat_zoom_21.png,62.297764
locationid_33.2080792555896_-87.5377084000636_sat_zoom_21.png,48.920982
locationid_33.2060490956235_-87.5181387682828_sat_zoom_21.png,53.135662
locationid_33.2062666314175_-87.5264037602424_sat_zoom_21.png,66.87254
locationid_33.2088762919887_-87.5715268979362_sat_zoom_21.png,55.458588
locationid_33.2062073977055_-87.5246011154112_sat_zoom_21.png,93.995476
locationid_33.206288442759_-87.5265885151348_sat_zoom_21.png,105.41917
locationid_33.2114752930096_-87.5569483147755_sat_zoom_21.png,31.904161
locationid_33.2116648350317_-87.5619021961564_sat_zoom_21.png,75.79991
locationid_33.2076018971048_-87.5351986887799_sat_zoom_21.png,53.66424
locationid_33.2075791062865_-87.5350762116759_sat_zoom_21.png,46.05938
locationid_33.2060590135287_-87.5170775524244_sat_zoom_21.png,58.149387
locationid_33.2098496037691_-87.5477914737333_sat_zoom_21.png,30.05839
locationid_33.2080673805602_-87.5376471057197_sat_zoom_21.png,54.052574
locationid_33.2088154815014_-87.5721523844379_sat_zoom_21.png,32.001877
locationid_33.2070630940649_-87.5323215537555_sat_zoom_21.png,91.6795
locationid_33.2099205669499_-87.5682583570501_sat_zoom_21.png,38.217506
locationid_33.2118335065136_-87.5613010725283_sat_zoom_21.png,57.66466
locationid_33.2094134581055_-87.5453326854269_sat_zoom_21.png,23.768335
locationid_33.2112822260773_-87.5559683838842_sat_zoom_21.png,50.87322
locationid_33.2087080105815_-87.5725117089968_sat_zoom_21.png,49.296356
locationid_33.2060344878686_-87.5198865711014_sat_zoom_21.png,68.60652
locationid_33.2096918404525_-87.5689125170039_sat_zoom_21.png,76.186905
locationid_33.2117866264389_-87.558668216487_sat_zoom_21.png,38.397076
locationid_33.2060852592372_-87.5153298003577_sat_zoom_21.png,59.911514
locationid_33.2070746219116_-87.532382767515_sat_zoom_21.png,82.714264
locationid_33.2090592022217_-87.5713114549296_sat_zoom_21.png,32.228966
locationid_33.2063502338499_-87.5269541204356_sat_zoom_21.png,97.30178
locationid_33.2065073189272_-87.5285026486717_sat_zoom_21.png,77.61017
locationid_33.2061138114933_-87.5135198484914_sat_zoom_21.png,58.534027
locationid_33.2115113541097_-87.5624427353806_sat_zoom_21.png,50.290554
locationid_33.21110432361_-87.5638848044446_sat_zoom_21.png,71.65132
locationid_33.2072418066734_-87.5333652013752_sat_zoom_21.png,108.58012
locationid_33.2061383590367_-87.5253576089795_sat_zoom_21.png,72.20282
locationid_33.2073414432664_-87.5338534387223_sat_zoom_21.png,89.479294
locationid_33.206107323773_-87.5146435017395_sat_zoom_21.png,28.416851
locationid_33.210954348607_-87.5539984173386_sat_zoom_21.png,32.592487
locationid_33.2063506338192_-87.5265223798395_sat_zoom_21.png,86.85392
locationid_33.2119892419934_-87.5598369689108_sat_zoom_21.png,37.92398
locationid_33.2103553308774_-87.5506175320583_sat_zoom_21.png,66.723274
locationid_33.20942297208_-87.5453943903473_sat_zoom_21.png,28.119757
locationid_33.211951001066_-87.5608801240004_sat_zoom_21.png,71.305626
locationid_33.2099779786016_-87.5485295305476_sat_zoom_21.png,36.82139
locationid_33.2060918201055_-87.524739281595_sat_zoom_21.png,67.66884
locationid_33.2102797095881_-87.550187089152_sat_zoom_21.png,59.93447
locationid_33.2060968899618_-87.5149554575199_sat_zoom_21.png,42.1619
locationid_33.2106258765686_-87.5655654466258_sat_zoom_21.png,43.358727
locationid_33.2091287606888_-87.5437350923393_sat_zoom_21.png,45.573307
locationid_33.2102675696052_-87.5501258480262_sat_zoom_21.png,58.623737
locationid_33.2086362819102_-87.5410329318106_sat_zoom_21.png,81.87881
locationid_33.2085330317692_-87.5731769902776_sat_zoom_21.png,65.38294
locationid_33.2063225486694_-87.5268338212282_sat_zoom_21.png,106.49185
locationid_33.2088248673723_-87.5717073274093_sat_zoom_21.png,55.270332
locationid_33.2103010588276_-87.5503101186673_sat_zoom_21.png,54.077904
locationid_33.2088591504499_-87.5715870410939_sat_zoom_21.png,55.7491
locationid_33.2073548578027_-87.5339142660025_sat_zoom_21.png,102.21105
locationid_33.2083716326375_-87.5394316600694_sat_zoom_21.png,34.85765
locationid_33.2064750405824_-87.5281303205406_sat_zoom_21.png,79.01665
locationid_33.2060734494617_-87.5243677203951_sat_zoom_21.png,78.1081
locationid_33.2099464071665_-87.5679169073193_sat_zoom_21.png,52.976288
locationid_33.2062674039141_-87.5256560650889_sat_zoom_21.png,78.52818
locationid_33.2100878150716_-87.5674328440805_sat_zoom_21.png,53.999126
locationid_33.2060774741642_-87.5158291571832_sat_zoom_21.png,56.500362
locationid_33.2090641628726_-87.5433661117079_sat_zoom_21.png,34.02894
locationid_33.2105808699957_-87.5519089214141_sat_zoom_21.png,35.842556
locationid_33.2062290750054_-87.5250979591239_sat_zoom_21.png,80.3476
locationid_33.206034341628_-87.5193871878236_sat_zoom_21.png,72.45897
locationid_33.2099317183901_-87.5482841162052_sat_zoom_21.png,36.100506
locationid_33.2093837658329_-87.5451477609975_sat_zoom_21.png,23.643515
locationid_33.2085342578686_-87.5404171496975_sat_zoom_21.png,69.49409
locationid_33.2118526015595_-87.5590369632466_sat_zoom_21.png,38.76007
locationid_33.2101737396149_-87.5496353370473_sat_zoom_21.png,34.5434
locationid_33.2098484408322_-87.568498213205_sat_zoom_21.png,80.243965
locationid_33.2093620301556_-87.545024799166_sat_zoom_21.png,23.921032
locationid_33.2060496790297_-87.5180763438205_sat_zoom_21.png,48.670876
locationid_33.2060531794668_-87.517701797047_sat_zoom_21.png,40.45314
locationid_33.2106575699887_-87.5523391768545_sat_zoom_21.png,33.965744
locationid_33.2069939082115_-87.5319542747363_sat_zoom_21.png,88.34538
locationid_33.2108636463751_-87.5646597354061_sat_zoom_21.png,68.12079
locationid_33.2084533491777_-87.5730315709732_sat_zoom_21.png,57.263496
locationid_33.2094324860545_-87.5454560952677_sat_zoom_21.png,32.41968
locationid_33.2060440653078_-87.5187630053624_sat_zoom_21.png,40.29537
locationid_33.2085822477234_-87.5729959458747_sat_zoom_21.png,56.91132
locationid_33.2075221292408_-87.5347700189158_sat_zoom_21.png,41.364758
locationid_33.210126326376_-87.5493268464621_sat_zoom_21.png,36.136703
locationid_33.2100698963141_-87.5674932819237_sat_zoom_21.png,41.185818
locationid_33.2060579638763_-87.5231943802841_sat_zoom_21.png,56.305325
locationid_33.2062406672766_-87.5262195525779_sat_zoom_21.png,47.730095
locationid_33.2106906428679_-87.5525235357732_sat_zoom_21.png,31.143423
locationid_33.2090656083441_-87.5711873444227_sat_zoom_21.png,28.704847
locationid_33.2068466093495_-87.5311580259679_sat_zoom_21.png,100.15824
locationid_33.2061578910419_-87.5255426010954_sat_zoom_21.png,55.53477
locationid_33.2060325247883_-87.5195744413325_sat_zoom_21.png,58.87576
locationid_33.2060293449739_-87.522196125976_sat_zoom_21.png,41.393757
locationid_33.2098398018574_-87.5477298139353_sat_zoom_21.png,29.913626
locationid_33.2106100139978_-87.5656258278952_sat_zoom_21.png,36.976795
locationid_33.208718918793_-87.5720672859377_sat_zoom_21.png,70.75135
locationid_33.2069131056383_-87.5315257987059_sat_zoom_21.png,101.11635
locationid_33.2066390566795_-87.5298038895371_sat_zoom_21.png,82.107155
locationid_33.2064971059838_-87.5283784884599_sat_zoom_21.png,80.31001
locationid_33.2119689063416_-87.5597137724468_sat_zoom_21.png,46.687992
locationid_33.2060303857669_-87.5213846225821_sat_zoom_21.png,56.02952
locationid_33.2061109994863_-87.514144114042_sat_zoom_21.png,69.326416
locationid_33.2102625599225_-87.5670090168686_sat_zoom_21.png,43.88401
locationid_33.2060387820327_-87.5236865111991_sat_zoom_21.png,58.26025
locationid_33.2100834207464_-87.5676634331542_sat_zoom_21.png,55.39403
locationid_33.2060745767779_-87.5244297227851_sat_zoom_21.png,88.211
locationid_33.2103330826867_-87.5504946629403_sat_zoom_21.png,58.744995
locationid_33.2061122942106_-87.5250486680706_sat_zoom_21.png,70.368164
locationid_33.2086929259192_-87.5413399197156_sat_zoom_21.png,29.738766
locationid_33.2060444031251_-87.5235641354726_sat_zoom_21.png,55.82006
locationid_33.2076702695596_-87.535566120092_sat_zoom_21.png,62.809006
locationid_33.2060467472395_-87.5229449238703_sat_zoom_21.png,62.310043
locationid_33.2090658516817_-87.5712498821917_sat_zoom_21.png,29.542408
locationid_33.210792752044_-87.5531394345465_sat_zoom_21.png,36.187183
locationid_33.2104946279299_-87.5660473592561_sat_zoom_21.png,49.15123
locationid_33.2100634496884_-87.5489575566205_sat_zoom_21.png,32.300083
locationid_33.2085166264511_-87.5732373384119_sat_zoom_21.png,62.045734
locationid_33.2098648136107_-87.5684360710683_sat_zoom_21.png,50.845127
locationid_33.2097886407004_-87.5684674253716_sat_zoom_21.png,63.739067
locationid_33.2110309162432_-87.5544286911759_sat_zoom_21.png,37.51403
locationid_33.2060560964978_-87.5173896747357_sat_zoom_21.png,47.4729
locationid_33.2078184098784_-87.5363622212682_sat_zoom_21.png,86.48883
locationid_33.2108163421036_-87.5532620532351_sat_zoom_21.png,55.701523
locationid_33.2096224938823_-87.5465002163528_sat_zoom_21.png,30.108046
locationid_33.2107634500809_-87.5529544385703_sat_zoom_21.png,36.79752
locationid_33.2061000097476_-87.5248630361852_sat_zoom_21.png,53.805584
locationid_33.206868539227_-87.531280660151_sat_zoom_21.png,107.13357
locationid_33.2068151231419_-87.5309738424263_sat_zoom_21.png,98.471725
locationid_33.2120573485722_-87.56033106864_sat_zoom_21.png,46.7062
locationid_33.2085569618305_-87.5405399364304_sat_zoom_21.png,70.83683
locationid_33.2078525961059_-87.5365459369242_sat_zoom_21.png,89.62687
locationid_33.2064814717793_-87.5281922774233_sat_zoom_21.png,84.29043
locationid_33.2061135302926_-87.5135822750465_sat_zoom_21.png,59.515507
locationid_33.2074651929441_-87.5344638185935_sat_zoom_21.png,55.69779
locationid_33.2080198574512_-87.5374019328043_sat_zoom_21.png,70.24196
locationid_33.2118864618616_-87.5592211794136_sat_zoom_21.png,32.19398
locationid_33.2086271674175_-87.5409711719228_sat_zoom_21.png,80.55844
locationid_33.2108296161307_-87.5647798769648_sat_zoom_21.png,57.908165
locationid_33.2108045210049_-87.5532007484674_sat_zoom_21.png,43.61401
locationid_33.2097510369892_-87.5686641052332_sat_zoom_21.png,64.49813
locationid_33.21205158774_-87.5604556158508_sat_zoom_21.png,53.029392
locationid_33.208815577346_-87.5419520645619_sat_zoom_21.png,35.871933
locationid_33.2115454609812_-87.562322615553_sat_zoom_21.png,72.02734
locationid_33.2101543507032_-87.5671896424979_sat_zoom_21.png,53.18149
locationid_33.2062733489074_-87.5257179447139_sat_zoom_21.png,86.01265
locationid_33.2085887357786_-87.5407244902263_sat_zoom_21.png,69.27226
locationid_33.2060235700128_-87.5205106725237_sat_zoom_21.png,51.22646
locationid_33.2099857084685_-87.5680203874917_sat_zoom_21.png,39.943783
locationid_33.2060572633102_-87.5172648258112_sat_zoom_21.png,51.768753
locationid_33.2086006788856_-87.5407857521992_sat_zoom_21.png,73.93955
locationid_33.2075107338316_-87.5347087803638_sat_zoom_21.png,44.879925
locationid_33.2085048644323_-87.5728511673577_sat_zoom_21.png,44.893433
locationid_33.2063527015496_-87.5270163613069_sat_zoom_21.png,97.72494
locationid_33.2099804841647_-87.5677955235591_sat_zoom_21.png,46.02879
locationid_33.2090031616799_-87.5430599977697_sat_zoom_21.png,45.682735
locationid_33.2080317554719_-87.537463222688_sat_zoom_21.png,63.940197
locationid_33.2060233397862_-87.5203858243291_sat_zoom_21.png,57.457386
locationid_33.2107536827598_-87.5528927732449_sat_zoom_21.png,35.527927
locationid_33.2107014671696_-87.5652625664779_sat_zoom_21.png,58.067455
locationid_33.2065668770028_-87.529185205859_sat_zoom_21.png,78.51206
locationid_33.2100019938482_-87.5679608951021_sat_zoom_21.png,42.569633
locationid_33.2062614589209_-87.5255941854639_sat_zoom_21.png,77.24164
locationid_33.2105479985701_-87.5517245262254_sat_zoom_21.png,35.788555
locationid_33.2090653650064_-87.5711248066536_sat_zoom_21.png,31.757826
locationid_33.2060251490951_-87.5208228044714_sat_zoom_21.png,50.645103
locationid_33.2065379577573_-87.5288751293071_sat_zoom_21.png,89.34
locationid_33.2076132925139_-87.5352599273319_sat_zoom_21.png,57.421375
locationid_33.2085002211331_-87.5732976865462_sat_zoom_21.png,64.09471
locationid_33.2082175823373_-87.5385080920298_sat_zoom_21.png,81.04281
locationid_33.2061095934828_-87.5144562468174_sat_zoom_21.png,46.08249
locationid_33.2072318881212_-87.5333037063516_sat_zoom_21.png,100.51992
locationid_33.2107165852898_-87.5652019904483_sat_zoom_21.png,55.25955
locationid_33.2101322768853_-87.5674849559853_sat_zoom_21.png,39.464058
locationid_33.2060353984121_-87.5236245909413_sat_zoom_21.png,61.352562
locationid_33.2088502987472_-87.572032251651_sat_zoom_21.png,53.357883
locationid_33.2108281632023_-87.5533233580028_sat_zoom_21.png,53.54043
locationid_33.2091874865024_-87.5441050649651_sat_zoom_21.png,50.331646
locationid_33.2094326160555_-87.569809538847_sat_zoom_21.png,36.932026
locationid_33.2086142489886_-87.5728750351691_sat_zoom_21.png,56.792915
locationid_33.2088358424052_-87.5420752714274_sat_zoom_21.png,57.153324
locationid_33.207624687923_-87.535321165884_sat_zoom_21.png,49.22079
locationid_33.2112354574057_-87.5557233540308_sat_zoom_21.png,38.60305
locationid_33.2060305454558_-87.5220088544329_sat_zoom_21.png,48.16021
locationid_33.2070861497583_-87.5324439812745_sat_zoom_21.png,86.816826
locationid_33.2095778196995_-87.5462545083471_sat_zoom_21.png,18.286753
locationid_33.2068575742883_-87.5312193430594_sat_zoom_21.png,112.93756
locationid_33.211386223644_-87.5565204661985_sat_zoom_21.png,34.421383
locationid_33.2105605628258_-87.5658064841927_sat_zoom_21.png,52.225864
locationid_33.2119845709381_-87.5607598529925_sat_zoom_21.png,65.696945
locationid_33.2060301556995_-87.5223209777206_sat_zoom_21.png,41.660038
locationid_33.2065277448139_-87.5287509690953_sat_zoom_21.png,82.88678
locationid_33.2060885126137_-87.5151425516265_sat_zoom_21.png,52.236454
locationid_33.2100345646074_-87.567841910323_sat_zoom_21.png,37.746876
locationid_33.2087011664651_-87.5721272516498_sat_zoom_21.png,50.98698
locationid_33.2075563154682_-87.5349537345719_sat_zoom_21.png,42.007133
locationid_33.206062134375_-87.5235047118242_sat_zoom_21.png,56.43207
locationid_33.2061093122821_-87.5145186733724_sat_zoom_21.png,37.40784
locationid_33.2062263653429_-87.5250358536598_sat_zoom_21.png,74.316086
locationid_33.2060257807281_-87.5209476572505_sat_zoom_21.png,63.53191
locationid_33.2067357310356_-87.5304190892708_sat_zoom_21.png,100.80922
locationid_33.2089105750663_-87.5714066116208_sat_zoom_21.png,41.34073
locationid_33.2103677103115_-87.5665296645961_sat_zoom_21.png,45.68553
locationid_33.2114943006739_-87.5625027952943_sat_zoom_21.png,54.56028
locationid_33.2098887732632_-87.5480381191415_sat_zoom_21.png,33.098858
locationid_33.2105699128538_-87.5518474563512_sat_zoom_21.png,32.43231
locationid_33.2118670763857_-87.5611808015203_sat_zoom_21.png,76.5339
locationid_33.2104451767579_-87.5662280155537_sat_zoom_21.png,39.003727
locationid_33.2111084706189_-87.5548587564823_sat_zoom_21.png,32.06025
locationid_33.2063209088531_-87.5262129817143_sat_zoom_21.png,58.80918
locationid_33.2060324723401_-87.5215718925233_sat_zoom_21.png,59.226334
locationid_33.2112917748172_-87.5560300834343_sat_zoom_21.png,49.83068
locationid_33.2068356444108_-87.5310967088763_sat_zoom_21.png,93.85204
locationid_33.2091581235956_-87.5439200786522_sat_zoom_21.png,54.46791
locationid_33.2061123004828_-87.513082862252_sat_zoom_21.png,43.09583
locationid_33.2103665894799_-87.5506789426176_sat_zoom_21.png,49.738823
locationid_33.210999816631_-87.5642445359505_sat_zoom_21.png,70.31576
locationid_33.2064102356559_-87.5275108129567_sat_zoom_21.png,39.493553
locationid_33.2113075550517_-87.5631636918327_sat_zoom_21.png,99.89598
locationid_33.2060359240686_-87.5226954497822_sat_zoom_21.png,56.43733
locationid_33.2098789808896_-87.5479764577895_sat_zoom_21.png,32.15866
